liquipedia.net,osirissc2guide.com
https://liquipedia.net/arenaofvalor/Road_to_AWC/2019,http://www.osirissc2guide.com
https://liquipedia.net/arenaofvalor/Road_to_AWC/2019,http://www.osirissc2guide.com
https://liquipedia.net,http://www.osirissc2guide.com/
https://liquipedia.net,http://www.osirissc2guide.com/
https://liquipedia.net/artifact/Artifact_Bitcoin_League,http://www.osirissc2guide.com/3-base-mutalisk-econ-mutas.html
https://liquipedia.net/artifact/Artifact_Bitcoin_League,http://www.osirissc2guide.com/3-base-mutalisk-econ-mutas.html
https://liquipedia.net/apexlegends/ApexPro/Europe_League/Season_3,http://www.osirissc2guide.com/9-pool-build-order.html
https://liquipedia.net/apexlegends/ApexPro/Europe_League/Season_3,http://www.osirissc2guide.com/9-pool-build-order.html
https://liquipedia.net/artifact/DAEDGEAM_Cup,http://www.osirissc2guide.com/baneling-bust-build-order.html
https://liquipedia.net/artifact/DAEDGEAM_Cup,http://www.osirissc2guide.com/baneling-bust-build-order.html
https://liquipedia.net/apexlegends/ApexPro/North_American_League/Season_4,http://www.osirissc2guide.com/baneling-rush-build-zvz.html
https://liquipedia.net/apexlegends/ApexPro/North_American_League/Season_4,http://www.osirissc2guide.com/baneling-rush-build-zvz.html
https://liquipedia.net/artifact/Hyped,http://www.osirissc2guide.com/beginners-starcraft-2-guide.html
https://liquipedia.net/artifact/Hyped,http://www.osirissc2guide.com/beginners-starcraft-2-guide.html
https://liquipedia.net/apexlegends/Kill_Records,http://www.osirissc2guide.com/combat-shield-push-tvz.html
https://liquipedia.net/apexlegends/Kill_Records,http://www.osirissc2guide.com/combat-shield-push-tvz.html
https://liquipedia.net/artifact/Main_Page,http://www.osirissc2guide.com/contact-us.html
https://liquipedia.net/artifact/Main_Page,http://www.osirissc2guide.com/contact-us.html
https://liquipedia.net/apexlegends/Liquid_Apex/Proving_Grounds_5,http://www.osirissc2guide.com/disclaimer.html
https://liquipedia.net/apexlegends/Liquid_Apex/Proving_Grounds_5,http://www.osirissc2guide.com/disclaimer.html
https://liquipedia.net/artifact/NoxFire_League/Season_2,http://www.osirissc2guide.com/double-proxy-rax-build-order-tvz.html
https://liquipedia.net/artifact/NoxFire_League/Season_2,http://www.osirissc2guide.com/double-proxy-rax-build-order-tvz.html
https://liquipedia.net/apexlegends/Main_Page,http://www.osirissc2guide.com/how-to-improve-apm-in-starcraft-2-a-guide.html
https://liquipedia.net/apexlegends/Main_Page,http://www.osirissc2guide.com/how-to-improve-apm-in-starcraft-2-a-guide.html
https://liquipedia.net/artifact/One_Game_Agency/PIT_Series,http://www.osirissc2guide.com/mass-roach-build-zvp.html
https://liquipedia.net/artifact/One_Game_Agency/PIT_Series,http://www.osirissc2guide.com/mass-roach-build-zvp.html
https://liquipedia.net/apexlegends/Premium_Esports/Apex_Masters_Mayo,http://www.osirissc2guide.com/mass-zerglings-ultralisk-build-zvp.html
https://liquipedia.net/apexlegends/Premium_Esports/Apex_Masters_Mayo,http://www.osirissc2guide.com/mass-zerglings-ultralisk-build-zvp.html
https://liquipedia.net/clashroyale/Clash_Royale_League/2018/World_Finals,http://www.osirissc2guide.com/privacy-policy.html
https://liquipedia.net/clashroyale/Clash_Royale_League/2018/World_Finals,http://www.osirissc2guide.com/privacy-policy.html
https://liquipedia.net/arenaofvalor/Arena_of_Valor_World_Cup/2019,http://www.osirissc2guide.com/protoss-army-compositions.html
https://liquipedia.net/arenaofvalor/Arena_of_Valor_World_Cup/2019,http://www.osirissc2guide.com/protoss-army-compositions.html
https://liquipedia.net/clashroyale/Clash_Royale_League/2019/Asia/Season_1,http://www.osirissc2guide.com/proxy-2-gate-rush-build-pvt.html
https://liquipedia.net/clashroyale/Clash_Royale_League/2019/Asia/Season_1,http://www.osirissc2guide.com/proxy-2-gate-rush-build-pvt.html
https://liquipedia.net/arenaofvalor/Garena_Challenger_Series/2019/Spring,http://www.osirissc2guide.com/proxy-hatchery-block-zvp.html
https://liquipedia.net/arenaofvalor/Garena_Challenger_Series/2019/Spring,http://www.osirissc2guide.com/proxy-hatchery-block-zvp.html
https://liquipedia.net/clashroyale/Clash_Royale_League/2019/Asia/Season_1/Group_Stage,http://www.osirissc2guide.com/race-match-ups.html
https://liquipedia.net/clashroyale/Clash_Royale_League/2019/Asia/Season_1/Group_Stage,http://www.osirissc2guide.com/race-match-ups.html
https://liquipedia.net/arenaofvalor/Korea_King_Pro_League/2019/Spring,http://www.osirissc2guide.com/safe-zvp-fast-third-build.html
https://liquipedia.net/arenaofvalor/Korea_King_Pro_League/2019/Spring,http://www.osirissc2guide.com/safe-zvp-fast-third-build.html
https://liquipedia.net/clashroyale/Clash_Royale_League/2019/West/Spring,http://www.osirissc2guide.com/sc2-replays.html
https://liquipedia.net/clashroyale/Clash_Royale_League/2019/West/Spring,http://www.osirissc2guide.com/sc2-replays.html
https://liquipedia.net/arenaofvalor/Main_Page,http://www.osirissc2guide.com/scouting-in-starcraft-2.html
https://liquipedia.net/arenaofvalor/Main_Page,http://www.osirissc2guide.com/scouting-in-starcraft-2.html
https://liquipedia.net/clashroyale/Main_Page,http://www.osirissc2guide.com/sitemap-page-order.html
https://liquipedia.net/clashroyale/Main_Page,http://www.osirissc2guide.com/sitemap-page-order.html
https://liquipedia.net/arenaofvalor/RoV_Pro_League/Season_3,http://www.osirissc2guide.com/starcraft-2-2v2-strategy.html
https://liquipedia.net/arenaofvalor/RoV_Pro_League/Season_3,http://www.osirissc2guide.com/starcraft-2-2v2-strategy.html
https://liquipedia.net/clashroyale/Surgical_Goblin,http://www.osirissc2guide.com/starcraft-2-campaign-mode-strategy.html
https://liquipedia.net/clashroyale/Surgical_Goblin,http://www.osirissc2guide.com/starcraft-2-campaign-mode-strategy.html
https://liquipedia.net/arenaofvalor/Road_to_AWC/2019,http://www.osirissc2guide.com/starcraft-2-challenges-guide.html
https://liquipedia.net/arenaofvalor/Road_to_AWC/2019,http://www.osirissc2guide.com/starcraft-2-challenges-guide.html
https://liquipedia.net/commons/Copyrights_Repository,http://www.osirissc2guide.com/starcraft-2-counters-list.html
https://liquipedia.net/commons/Copyrights_Repository,http://www.osirissc2guide.com/starcraft-2-counters-list.html
https://liquipedia.net/artifact/Artifact_Bitcoin_League,http://www.osirissc2guide.com/starcraft-2-economy-management.html
https://liquipedia.net/artifact/Artifact_Bitcoin_League,http://www.osirissc2guide.com/starcraft-2-economy-management.html
https://liquipedia.net/commons/Liquipedia:Latest_Uploads,http://www.osirissc2guide.com/starcraft-2-heart-of-the-swarm-campaign-guide.html
https://liquipedia.net/commons/Liquipedia:Latest_Uploads,http://www.osirissc2guide.com/starcraft-2-heart-of-the-swarm-campaign-guide.html
https://liquipedia.net/artifact/DAEDGEAM_Cup,http://www.osirissc2guide.com/starcraft-2-heart-of-the-swarm-strategy-guide.html
https://liquipedia.net/artifact/DAEDGEAM_Cup,http://www.osirissc2guide.com/starcraft-2-heart-of-the-swarm-strategy-guide.html
https://liquipedia.net/commons/Liquipedia:Privacy_policy,http://www.osirissc2guide.com/starcraft-2-map-strategies.html
https://liquipedia.net/commons/Liquipedia:Privacy_policy,http://www.osirissc2guide.com/starcraft-2-map-strategies.html
https://liquipedia.net/artifact/Hyped,http://www.osirissc2guide.com/starcraft-2-new-units-available-in-heart-of-the-swarm.html
https://liquipedia.net/artifact/Hyped,http://www.osirissc2guide.com/starcraft-2-new-units-available-in-heart-of-the-swarm.html
https://liquipedia.net/commons/Main_Page,http://www.osirissc2guide.com/starcraft-2-newsletter.html
https://liquipedia.net/commons/Main_Page,http://www.osirissc2guide.com/starcraft-2-newsletter.html
https://liquipedia.net/artifact/Main_Page,http://www.osirissc2guide.com/starcraft-2-protoss-build-orders.html
https://liquipedia.net/artifact/Main_Page,http://www.osirissc2guide.com/starcraft-2-protoss-build-orders.html
https://liquipedia.net/commons/Special:RunQuery/Find_images,http://www.osirissc2guide.com/starcraft-2-protoss-counters.html
https://liquipedia.net/commons/Special:RunQuery/Find_images,http://www.osirissc2guide.com/starcraft-2-protoss-counters.html
https://liquipedia.net/artifact/NoxFire_League/Season_2,http://www.osirissc2guide.com/starcraft-2-protoss-guide.html
https://liquipedia.net/artifact/NoxFire_League/Season_2,http://www.osirissc2guide.com/starcraft-2-protoss-guide.html
https://liquipedia.net/commons/Special:Upload,http://www.osirissc2guide.com/starcraft-2-protoss-strategy.html
https://liquipedia.net/commons/Special:Upload,http://www.osirissc2guide.com/starcraft-2-protoss-strategy.html
https://liquipedia.net/artifact/One_Game_Agency/PIT_Series,http://www.osirissc2guide.com/starcraft-2-protoss-structures.html
https://liquipedia.net/artifact/One_Game_Agency/PIT_Series,http://www.osirissc2guide.com/starcraft-2-protoss-structures.html
https://liquipedia.net/counterstrike/BLAST/Pro_Series/2019/Madrid,http://www.osirissc2guide.com/starcraft-2-protoss-tips.html
https://liquipedia.net/counterstrike/BLAST/Pro_Series/2019/Madrid,http://www.osirissc2guide.com/starcraft-2-protoss-tips.html
https://liquipedia.net/clashroyale/Clash_Royale_League/2018/World_Finals,http://www.osirissc2guide.com/starcraft-2-protoss-units.html
https://liquipedia.net/clashroyale/Clash_Royale_League/2018/World_Finals,http://www.osirissc2guide.com/starcraft-2-protoss-units.html
https://liquipedia.net/counterstrike/DreamHack/2019/Dallas,http://www.osirissc2guide.com/starcraft-2-strategy-tricks-and-manipulation-as-a-high-end-strategy.html
https://liquipedia.net/counterstrike/DreamHack/2019/Dallas,http://www.osirissc2guide.com/starcraft-2-strategy-tricks-and-manipulation-as-a-high-end-strategy.html
https://liquipedia.net/clashroyale/Clash_Royale_League/2019/Asia/Season_1,http://www.osirissc2guide.com/starcraft-2-terran-counters.html
https://liquipedia.net/clashroyale/Clash_Royale_League/2019/Asia/Season_1,http://www.osirissc2guide.com/starcraft-2-terran-counters.html
https://liquipedia.net/counterstrike/Intel_Extreme_Masters/Season_XIV/Sydney,http://www.osirissc2guide.com/starcraft-2-terran-guide.html
https://liquipedia.net/counterstrike/Intel_Extreme_Masters/Season_XIV/Sydney,http://www.osirissc2guide.com/starcraft-2-terran-guide.html
https://liquipedia.net/clashroyale/Clash_Royale_League/2019/Asia/Season_1/Group_Stage,http://www.osirissc2guide.com/starcraft-2-terran-strategy.html
https://liquipedia.net/clashroyale/Clash_Royale_League/2019/Asia/Season_1/Group_Stage,http://www.osirissc2guide.com/starcraft-2-terran-strategy.html
https://liquipedia.net/counterstrike/Main_Page,http://www.osirissc2guide.com/starcraft-2-terran-structures.html
https://liquipedia.net/counterstrike/Main_Page,http://www.osirissc2guide.com/starcraft-2-terran-structures.html
https://liquipedia.net/counterstrike/Team_Liquid,http://www.osirissc2guide.com/starcraft-2-terran-units.html
https://liquipedia.net/counterstrike/Team_Liquid,http://www.osirissc2guide.com/starcraft-2-terran-units.html
https://liquipedia.net/clashroyale/Clash_Royale_League/2019/West/Spring,http://www.osirissc2guide.com/starcraft-2-zerg-build-orders.html
https://liquipedia.net/clashroyale/Clash_Royale_League/2019/West/Spring,http://www.osirissc2guide.com/starcraft-2-zerg-build-orders.html
https://liquipedia.net/clashroyale/Main_Page,http://www.osirissc2guide.com/starcraft-2-zerg-counters.html
https://liquipedia.net/clashroyale/Main_Page,http://www.osirissc2guide.com/starcraft-2-zerg-counters.html
https://liquipedia.net/counterstrike/Vega_Squadron,http://www.osirissc2guide.com/starcraft-2-zerg-guide.html
https://liquipedia.net/counterstrike/Vega_Squadron,http://www.osirissc2guide.com/starcraft-2-zerg-guide.html
https://liquipedia.net/discord,http://www.osirissc2guide.com/starcraft-2-zerg-strategy.html
https://liquipedia.net/discord,http://www.osirissc2guide.com/starcraft-2-zerg-strategy.html
https://liquipedia.net/clashroyale/Surgical_Goblin,http://www.osirissc2guide.com/starcraft-2-zerg-structures.html
https://liquipedia.net/clashroyale/Surgical_Goblin,http://www.osirissc2guide.com/starcraft-2-zerg-structures.html
https://liquipedia.net/dota2/Beastcoast,http://www.osirissc2guide.com/starcraft-2-zerg-tips.html
https://liquipedia.net/dota2/Beastcoast,http://www.osirissc2guide.com/starcraft-2-zerg-tips.html
https://liquipedia.net/commons/Copyrights_Repository,http://www.osirissc2guide.com/starcraft-2-zerg-units.html
https://liquipedia.net/commons/Copyrights_Repository,http://www.osirissc2guide.com/starcraft-2-zerg-units.html
https://liquipedia.net/dota2/Dota_Pro_Circuit/2018-19,http://www.osirissc2guide.com/starcraft-2-zerg-vs-protoss-strategy.html
https://liquipedia.net/dota2/Dota_Pro_Circuit/2018-19,http://www.osirissc2guide.com/starcraft-2-zerg-vs-protoss-strategy.html
https://liquipedia.net/commons/Liquipedia:Latest_Uploads,http://www.osirissc2guide.com/starcraft-2-zerg-vs-terran-strategy.html
https://liquipedia.net/commons/Liquipedia:Latest_Uploads,http://www.osirissc2guide.com/starcraft-2-zerg-vs-terran-strategy.html
https://liquipedia.net/commons/Liquipedia:Privacy_policy,http://www.osirissc2guide.com/starcraft-2-zerg-vs-zerg-strategy.html
https://liquipedia.net/commons/Liquipedia:Privacy_policy,http://www.osirissc2guide.com/starcraft-2-zerg-vs-zerg-strategy.html
https://liquipedia.net/dota2/Dota_Pro_Circuit/2018-19/Rankings,http://www.osirissc2guide.com/terran-army-compositions.html
https://liquipedia.net/dota2/Dota_Pro_Circuit/2018-19/Rankings,http://www.osirissc2guide.com/terran-army-compositions.html
https://liquipedia.net/commons/Main_Page,http://www.osirissc2guide.com/terran-build-orders.html
https://liquipedia.net/commons/Main_Page,http://www.osirissc2guide.com/terran-build-orders.html
https://liquipedia.net/dota2/Main_Page,http://www.osirissc2guide.com/the-osiris-method.html
https://liquipedia.net/dota2/Main_Page,http://www.osirissc2guide.com/the-osiris-method.html
https://liquipedia.net/dota2/Mars_Dota_2_League/Disneyland_Paris_Major,http://www.osirissc2guide.com/triple-bunker-rush-build-order.html
https://liquipedia.net/dota2/Mars_Dota_2_League/Disneyland_Paris_Major,http://www.osirissc2guide.com/triple-bunker-rush-build-order.html
https://liquipedia.net/commons/Special:RunQuery/Find_images,http://www.osirissc2guide.com/widow-mine-marine-drop-tvp.html
https://liquipedia.net/commons/Special:RunQuery/Find_images,http://www.osirissc2guide.com/widow-mine-marine-drop-tvp.html
https://liquipedia.net/dota2/OG,http://www.osirissc2guide.com/zerg-army-compositions.html
https://liquipedia.net/dota2/OG,http://www.osirissc2guide.com/zerg-army-compositions.html
https://liquipedia.net/commons/Special:Upload,NULL
https://liquipedia.net/fighters/Arslan_Ash,NULL
https://liquipedia.net/counterstrike/BLAST/Pro_Series/2019/Madrid,NULL
https://liquipedia.net/fighters/Headstomper/2019,NULL
https://liquipedia.net/counterstrike/DreamHack/2019/Dallas,NULL
https://liquipedia.net/fighters/Headstomper/2019/T7,NULL
https://liquipedia.net/counterstrike/Intel_Extreme_Masters/Season_XIV/Sydney,NULL
https://liquipedia.net/counterstrike/Main_Page,NULL
https://liquipedia.net/fighters/Main_Page,NULL
https://liquipedia.net/counterstrike/Team_Liquid,NULL
https://liquipedia.net/fighters/SonicFox,NULL
https://liquipedia.net/counterstrike/Vega_Squadron,NULL
https://liquipedia.net/fighters/YUYU,NULL
https://liquipedia.net/fortnite/FaZe_Clan,NULL
https://liquipedia.net/fortnite/Fortnite_World_Cup/2019/Finals/Duos,NULL
https://liquipedia.net/discord,NULL
https://liquipedia.net/dota2/Beastcoast,NULL
https://liquipedia.net/fortnite/Fortnite_World_Cup/2019/Finals/Europe/Week_3,NULL
https://liquipedia.net/dota2/Dota_Pro_Circuit/2018-19,NULL
https://liquipedia.net/fortnite/Fortnite_World_Cup/2019/Finals/North_America_East/Week_3,NULL
https://liquipedia.net/dota2/Dota_Pro_Circuit/2018-19/Rankings,NULL
https://liquipedia.net/fortnite/Fortnite_World_Cup/2019/Finals/Solo,NULL
https://liquipedia.net/dota2/Main_Page,NULL
https://liquipedia.net/fortnite/Main_Page,NULL
https://liquipedia.net/dota2/Mars_Dota_2_League/Disneyland_Paris_Major,NULL
https://liquipedia.net/hearthstone/Esports_Arena/Hall_of_Heroes,NULL
https://liquipedia.net/dota2/OG,NULL
https://liquipedia.net/hearthstone/Firebat,NULL
https://liquipedia.net/fighters/Arslan_Ash,NULL
https://liquipedia.net/hearthstone/Hearthstone_World_Championship_2019,NULL
https://liquipedia.net/fighters/Headstomper/2019,NULL
https://liquipedia.net/hearthstone/Hunterace,NULL
https://liquipedia.net/fighters/Headstomper/2019/T7,NULL
https://liquipedia.net/hearthstone/Main_Page,NULL
https://liquipedia.net/fighters/Main_Page,NULL
https://liquipedia.net/hearthstone/Thijs,NULL
https://liquipedia.net/fighters/SonicFox,NULL
https://liquipedia.net/heroes/Gold_Series_Heroes_League_2019/Season_1,NULL
https://liquipedia.net/heroes/Gold_Series_Heroes_League_2019/Season_1/Group_Stage/2,NULL
https://liquipedia.net/heroes/HeroesHype_Premier_Series/Season_1/Europe,NULL
https://liquipedia.net/fortnite/Fortnite_World_Cup/2019/Finals/Duos,NULL
https://liquipedia.net/heroes/Heroes_Lounge_Division_S/Season_1/Europe,NULL
https://liquipedia.net/fortnite/Fortnite_World_Cup/2019/Finals/Europe/Week_3,NULL
https://liquipedia.net/heroes/Heroes_Lounge_Division_S/Season_1/Europe/1,NULL
https://liquipedia.net/fortnite/Fortnite_World_Cup/2019/Finals/North_America_East/Week_3,NULL
https://liquipedia.net/heroes/Main_Page,NULL
https://liquipedia.net/fortnite/Fortnite_World_Cup/2019/Finals/Solo,NULL
https://liquipedia.net/leagueoflegends/Main_Page,NULL
https://liquipedia.net/fortnite/Main_Page,NULL
https://liquipedia.net/leagueoflegends/Mid-Season_Invitational/2019,NULL
https://liquipedia.net/hearthstone/Esports_Arena/Hall_of_Heroes,NULL
https://liquipedia.net/leagueoflegends/Mid-Season_Invitational/2019/Group_Stage,NULL
https://liquipedia.net/hearthstone/Firebat,NULL
https://liquipedia.net/leagueoflegends/Mid-Season_Invitational/2019/Play-In,NULL
https://liquipedia.net/hearthstone/Hearthstone_World_Championship_2019,NULL
https://liquipedia.net/leagueoflegends/Phong_V크_Buffalo,NULL
https://liquipedia.net/hearthstone/Hunterace,NULL
https://liquipedia.net/leagueoflegends/Team_Liquid,NULL
https://liquipedia.net/hearthstone/Main_Page,NULL
https://liquipedia.net/overwatch/Main_Page,NULL
https://liquipedia.net/hearthstone/Thijs,NULL
https://liquipedia.net/overwatch/Overwatch_League/Season_2/Regular_Season,NULL
https://liquipedia.net/overwatch/Overwatch_League/Season_2/Regular_Season/Stage_2,NULL
https://liquipedia.net/heroes/Gold_Series_Heroes_League_2019/Season_1/Group_Stage/2,NULL
https://liquipedia.net/overwatch/Overwatch_League/Season_2/Regular_Season/Stage_2/Playoffs,NULL
https://liquipedia.net/heroes/HeroesHype_Premier_Series/Season_1/Europe,NULL
https://liquipedia.net/overwatch/San_Francisco_Shock,NULL
https://liquipedia.net/heroes/Heroes_Lounge_Division_S/Season_1/Europe,NULL
https://liquipedia.net/heroes/Heroes_Lounge_Division_S/Season_1/Europe/1,NULL
https://liquipedia.net/overwatch/Vancouver_Titans,NULL
https://liquipedia.net/heroes/Main_Page,NULL
https://liquipedia.net/paladins/ESL/Brasil_Premier_League/Season_8,NULL
https://liquipedia.net/leagueoflegends/Main_Page,NULL
https://liquipedia.net/paladins/Main_Page,NULL
https://liquipedia.net/leagueoflegends/Mid-Season_Invitational/2019,NULL
https://liquipedia.net/paladins/Ninjas_in_Pyjamas,NULL
https://liquipedia.net/leagueoflegends/Mid-Season_Invitational/2019/Group_Stage,NULL
https://liquipedia.net/paladins/Paladins_Premier_League/2019/Phase_1,NULL
https://liquipedia.net/leagueoflegends/Mid-Season_Invitational/2019/Play-In,NULL
age,NULL
https://liquipedia.net/leagueoflegends/Phong_V크_Buffalo,NULL
https://liquipedia.net/paladins/Paladins_World_Championship/2019,NULL
https://liquipedia.net/leagueoflegends/Team_Liquid,NULL
https://liquipedia.net/pubg/Main_Page,NULL
https://liquipedia.net/overwatch/Main_Page,NULL
https://liquipedia.net/pubg/National_PUBG_League/2019/Phase_2,NULL
https://liquipedia.net/overwatch/Overwatch_League/Season_2/Regular_Season,NULL
https://liquipedia.net/pubg/PUBG_Europe_League/2019/Kick-off_Cup,NULL
https://liquipedia.net/overwatch/Overwatch_League/Season_2/Regular_Season/Stage_2,NULL
https://liquipedia.net/pubg/PUBG_Europe_League/2019/Phase_1,NULL
https://liquipedia.net/overwatch/Overwatch_League/Season_2/Regular_Season/Stage_2/Playoffs,NULL
https://liquipedia.net/pubg/PUBG_Europe_League/2019/Phase_2,NULL
https://liquipedia.net/overwatch/San_Francisco_Shock,NULL
https://liquipedia.net/overwatch/Vancouver_Titans,NULL
pring/2019/Southeast_Asia/League,NULL
https://liquipedia.net/quake/CYpheR,NULL
https://liquipedia.net/paladins/ESL/Brasil_Premier_League/Season_8,NULL
https://liquipedia.net/quake/Clawz,NULL
https://liquipedia.net/paladins/Main_Page,NULL
https://liquipedia.net/quake/Cooller,NULL
https://liquipedia.net/paladins/Ninjas_in_Pyjamas,NULL
https://liquipedia.net/quake/Main_Page,NULL
https://liquipedia.net/paladins/Paladins_Premier_League/2019/Phase_1,NULL
https://liquipedia.net/paladins/Paladins_Premier_League/2019/Phase_1/Group_Stage,NULL
https://liquipedia.net/quake/Toxjq,NULL
https://liquipedia.net/paladins/Paladins_World_Championship/2019,NULL
https://liquipedia.net/rainbowsix/Brasileir찾o/2019,NULL
https://liquipedia.net/pubg/Main_Page,NULL
https://liquipedia.net/rainbowsix/Pro_League/Season_9/Europe,NULL
https://liquipedia.net/pubg/National_PUBG_League/2019/Phase_2,NULL
https://liquipedia.net/rainbowsix/Pro_League/Season_9/Finals,NULL
https://liquipedia.net/pubg/PUBG_Europe_League/2019/Kick-off_Cup,NULL
https://liquipedia.net/rainbowsix/Team_Liquid,NULL
https://liquipedia.net/pubg/PUBG_Europe_League/2019/Phase_1,NULL
https://liquipedia.net/rainbowsix/ZiGueira,NULL
https://liquipedia.net/pubg/PUBG_Europe_League/2019/Phase_2,NULL
https://liquipedia.net/rocketleague/Main_Page,NULL
https://liquipedia.net/pubg/PUBG_Mobile_Club_Open/Spring/2019/Southeast_Asia/League,NULL
https://liquipedia.net/rocketleague/Rocket_League_Championship_Series/Season_7,NULL
https://liquipedia.net/quake/CYpheR,NULL
https://liquipedia.net/rocketleague/Rocket_League_Championship_Series/Season_7/Europe,NULL
https://liquipedia.net/quake/Clawz,NULL
https://liquipedia.net/rocketleague/Rocket_League_Championship_Series/Season_7/Europe/Rocket_League_Rival_Series,NULL
https://liquipedia.net/quake/Cooller,NULL
https://liquipedia.net/rocketleague/Rocket_League_Championship_Series/Season_7/North_America,NULL
https://liquipedia.net/quake/Main_Page,NULL
https://liquipedia.net/rocketleague/Rocket_League_Championship_Series/Season_7/South_America,NULL
https://liquipedia.net/quake/Rapha,NULL
https://liquipedia.net/smash/Main_Page,NULL
https://liquipedia.net/quake/Toxjq,NULL
https://liquipedia.net/smash/SSBMRank,NULL
https://liquipedia.net/rainbowsix/Brasileir찾o/2019,NULL
https://liquipedia.net/smash/Thunder_Smash,NULL
https://liquipedia.net/rainbowsix/Main_Page,NULL
https://liquipedia.net/smash/Thunder_Smash/Singles_Bracket,NULL
https://liquipedia.net/rainbowsix/Pro_League/Season_9/Europe,NULL
https://liquipedia.net/smash/Thunder_Smash/Singles_Pools,NULL
https://liquipedia.net/rainbowsix/Pro_League/Season_9/Finals,NULL
https://liquipedia.net/smash/Umebura/Japan_Major/2019,NULL
https://liquipedia.net/rainbowsix/Team_Liquid,NULL
https://liquipedia.net/starcraft/2019_Korea_StarCraft_League_Season_3,NULL
https://liquipedia.net/rainbowsix/ZiGueira,NULL
https://liquipedia.net/starcraft/Afreeca_Starleague_Season_7,NULL
https://liquipedia.net/rocketleague/Main_Page,NULL
https://liquipedia.net/starcraft/Fantasy_(Player),NULL
https://liquipedia.net/rocketleague/Rocket_League_Championship_Series/Season_7,NULL
https://liquipedia.net/starcraft/Flash,NULL
https://liquipedia.net/rocketleague/Rocket_League_Championship_Series/Season_7/Europe,NULL
https://liquipedia.net/starcraft/Main_Page,NULL
https://liquipedia.net/rocketleague/Rocket_League_Championship_Series/Season_7/Europe/Rocket_League_Rival_Series,NULL
https://liquipedia.net/starcraft/Units,NULL
https://liquipedia.net/rocketleague/Rocket_League_Championship_Series/Season_7/North_America,NULL
https://liquipedia.net/starcraft2/2019_Global_StarCraft_II_League_Season_2,NULL
https://liquipedia.net/rocketleague/Rocket_League_Championship_Series/Season_7/South_America,NULL
https://liquipedia.net/starcraft2/2019_Global_StarCraft_II_League_Season_2/Code_S,NULL
https://liquipedia.net/smash/Main_Page,NULL
https://liquipedia.net/starcraft2/2019_WCS_Spring,NULL
https://liquipedia.net/smash/SSBMRank,NULL
https://liquipedia.net/starcraft2/2019_WCS_Spring/Qualifiers/North_America,NULL
https://liquipedia.net/smash/Thunder_Smash,NULL
https://liquipedia.net/starcraft2/FanTaSy,NULL
https://liquipedia.net/smash/Thunder_Smash/Singles_Bracket,NULL
https://liquipedia.net/teamfortress/Ascent,NULL
https://liquipedia.net/smash/Thunder_Smash/Singles_Pools,NULL
https://liquipedia.net/smash/Umebura/Japan_Major/2019,NULL
https://liquipedia.net/teamfortress/B4nny,NULL
https://liquipedia.net/starcraft/2019_Korea_StarCraft_League_Season_3,NULL
https://liquipedia.net/teamfortress/Classic_Mixup,NULL
https://liquipedia.net/starcraft/Afreeca_Starleague_Season_7,NULL
https://liquipedia.net/teamfortress/Froyotech,NULL
https://liquipedia.net/teamfortress/Insomnia/46,NULL
https://liquipedia.net/starcraft/Fantasy_(Player),NULL
https://liquipedia.net/teamfortress/Main_Page,NULL
https://liquipedia.net/starcraft/Flash,NULL
https://liquipedia.net/warcraft/Main_Page,NULL
https://liquipedia.net/starcraft/Main_Page,NULL
https://liquipedia.net/warcraft/Warcraft_Gold_League/2019/Summer/American_Qualifier,NULL
https://liquipedia.net/starcraft/Units,NULL
https://liquipedia.net/warcraft/Warcraft_Gold_League/2019/Summer/American_Qualifier/Open,NULL
https://liquipedia.net/starcraft2/2019_Global_StarCraft_II_League_Season_2,NULL
https://liquipedia.net/warcraft/Warcraft_Gold_League/2019/Summer/European_Qualifier,NULL
https://liquipedia.net/starcraft2/2019_Global_StarCraft_II_League_Season_2/Code_S,NULL
https://liquipedia.net/warcraft/Warcraft_Gold_League/2019/Summer/European_Qualifier/Open,NULL
https://liquipedia.net/starcraft2/2019_WCS_Spring,NULL
https://liquipedia.net/warcraft/XiaoY_Cup/14,NULL
https://liquipedia.net/starcraft2/2019_WCS_Spring/Qualifiers/North_America,NULL
https://liquipedia.net/worldofwarcraft/Arena_World_Championship/2018,NULL
https://liquipedia.net/starcraft2/FanTaSy,NULL
https://liquipedia.net/worldofwarcraft/CDew,NULL
https://liquipedia.net/starcraft2/Main_Page,NULL
https://liquipedia.net/worldofwarcraft/Main_Page,NULL
https://liquipedia.net/teamfortress/Ascent,NULL
https://liquipedia.net/worldofwarcraft/Method_Orange,NULL
https://liquipedia.net/teamfortress/B4nny,NULL
https://liquipedia.net/worldofwarcraft/Pikaboo,NULL
https://liquipedia.net/teamfortress/Classic_Mixup,NULL
https://liquipedia.net/worldofwarcraft/Seasonal_Championships/2019/Spring_Finals,NULL
https://liquipedia.net/teamfortress/Froyotech,NULL
https://liquipedia.net/teamfortress/Insomnia/46,NULL
https://liquipedia.net/teamfortress/Main_Page,NULL
https://liquipedia.net/warcraft/Main_Page,NULL
https://liquipedia.net/warcraft/Warcraft_Gold_League/2019/Summer/American_Qualifier,NULL
https://liquipedia.net/warcraft/Warcraft_Gold_League/2019/Summer/American_Qualifier/Open,NULL
https://liquipedia.net/warcraft/Warcraft_Gold_League/2019/Summer/European_Qualifier,NULL
https://liquipedia.net/warcraft/Warcraft_Gold_League/2019/Summer/European_Qualifier/Open,NULL
https://liquipedia.net/warcraft/XiaoY_Cup/14,NULL
https://liquipedia.net/worldofwarcraft/Arena_World_Championship/2018,NULL
https://liquipedia.net/worldofwarcraft/CDew,NULL
https://liquipedia.net/worldofwarcraft/Main_Page,NULL
https://liquipedia.net/worldofwarcraft/Method_Orange,NULL
https://liquipedia.net/worldofwarcraft/Pikaboo,NULL
https://liquipedia.net/worldofwarcraft/Seasonal_Championships/2019/Spring_Finals,NULL
